CONTENT,DATE,AUTHOR,COMMENT_ID,CLASS
< href= '' http : //www.youtube.com/watch ? v=KQ6zr6kCPj8 & amp ; t=2m19s '' > 2:19 < /a > best partÔªø,2015-05-28T21:39:52.376000,Corey Wilson,z13uwn2heqndtr5g304ccv5j5kqqzxjadmc0k,0
wierd funnyÔªø,2015-05-28T20:07:20.610000,Epic Gaming,z124jvczaz3dxhnbc04cffk43oiugj25yzo0k,0
"Hey guys , I & # 39 ; human. < br / > < br / > < br / > But I & # 39 ; want human , I want sexy fucking giraffe. < br / > < br / > < br / > I already money surgery elongate spinal core , surgery change skin pigment , everything else ! Like post others root dream ! ! ! ! < br / > < br / > < br / > Im fucking , I make music , check first song ! < rel= '' nofollow '' class= '' ot-hashtag '' href= '' https : //plus.google.com/s/ % 23giraffebruuh '' > # giraffebruuh < /a > Ôªø",2015-05-28T19:23:35.355000,LaS Music,z13tczjy5xj0vjmu5231unho1ofey5zdk,1
Party Rock ... .lol ... wants shuffle ! ! ! Ôªø,2015-05-28T17:49:35.294000,Cheryl Fox,z13tzr0hdpnayhqqc04cd3zqqqjkf3ngckk0k,0
Party rockÔªø,2015-05-28T16:28:26.818000,PATRICK_TW,z12pcvix4zedcjvyb04ccr1r0mr2g5xwyng0k,0
ShuffleÔªø,2015-05-28T08:58:10.905000,Brian Brai,z13rcnlyamexujnf022vcrb5qouetpjz404,0
OmgÔªø,2015-05-28T08:57:27.399000,Brian Brai,z13oe5si1ouygx2dv22vcrb5qouetpjz404,0
This song really fun Ôªø,2015-05-28T04:15:22.615000,Alex DeFeo,z123izobdqqyszmsx231cfuahxfjwjmpk04,0
Awsome < br / > Ôªø,2015-05-28T03:52:56.877000,Giovanni Jimenez,z13ghh0z5z3li1q1i22jdjma0xn2z535404,0
wow ! ! ! ! ! ! increible song ! ! ! ! ! ! ! ! ! Ôªø,2015-05-28T03:26:23.957000,Silvia Bascur,z13lwnoznomnynobc04cd5oylkz4vbngkhk,0
I love song muchÔªø,2015-05-28T03:08:19.077000,Michael Whiteside,z12wctyrfvndsj32n23yhrhrxlyiulpcn,0
2015 LIKEEEÔªø,2015-05-28T01:14:19.847000,yenis mar√≠a Rodr√≠guez,z12qgle4jsutshh1422kwjzwdkneerd4004,0
I miss people dressed like this.Ôªø,2015-05-28T00:37:36.183000,Alex Martin,z13rtrlxatfpfruxj04cd1hbizb4hv5jmf0,0
2011- last year decent music.Ôªø,2015-05-28T00:04:06.940000,Alex Jansen,z12luhmz2trvu1s0y22xyfhq2lbgwhkxm04,0
Best song ever ! ! ! ! Ôªø,2015-05-27T23:10:57.437000,Aiden Hill,z12afxix2xnyhxaon04ccdtofrj3h10ygrk0k,0
"super nice , love musiqueÔªø",2015-05-27T22:19:11.429000,joe pepin-leblanc,z12rt5qylz3ny5qdv221epkhvsvxwlgjz04,0
wowwwwwwwwwwwwwwwwwwwwwwwwwwwwwwÔªø,2015-05-27T20:47:16.351000,bilal kenno,z12ogdfjckevwjtz504chrzytqeqthybckw0k,0
PARTY ROCK ( 8 ) ~Ôªø,2015-05-27T18:28:25.926000,SoulInChains00,z13fzxmg0si1cpsc323silmpnpuasflls,0
Thumbs watched 2011Ôªø,2015-05-27T17:28:08.014000,Ph∆∞∆°ng Linh Nguy·ªÖn Ng·ªçc,z13xjvjgxqbcgdeni22wxfroqsvutpyb004,0
increideblÔªø,2015-05-27T16:50:10.276000,Gonzalo Ferrare,z12nf31pdvqmjdoyt04cdn3xzvajgrihnfo,0
LMFAO ! ! ! ! ! ! ! ! Ôªø,2015-05-27T16:06:08.781000,‚Ä´◊ê◊°◊£ ◊©◊û◊©‚Ä¨‚Äé,z12uwpdgeqnex5wwi04cjlkotmfeuv54zzk0k,0
: ( superr ! ! ! Ôªø,2015-05-27T15:44:45.019000,Henri Kameron,z125v3ozoqenvthaz04cdtajsmzwgxkwxug0k,0
2015 ! ! LLIKEE ! ! Ôªø,2015-05-27T14:01:10.337000,Lukas Ogonowski,z12eg5zqxqbdfdzcn22uwxoqxovhhz1ke,0
Yeah ! Let & # 39 ; start party ! Ôªø,2015-05-27T13:37:19.404000,LoL Games,z13yyrro2wmcshswh04cd3saivu1xdprerk0k,0
This awesome song needed 4 years reach 800 mil views Tango Switch bitch needed 1 year . fairrrrrrrÔªø,2015-05-27T13:17:02.665000,snsddien,z13ew5agxpmnifz3223ljn1rtvidtj0fp,0
NICE GIRL : DÔªø,2015-05-27T10:49:29.568000,ulvi ualiyev,z13lhzyb0wmyfftcb22pdbg5swe3xlxds,0
I remember back popular everyone school shuffling crazyÔªø,2015-05-27T10:45:17.666000,TransFormersAddict11,z134xhhpulz0snlai04cehqhosvst3lxbss0k,0
LMFAO ! Ôªø,2015-05-27T10:35:17.730000,Brandon Richards,z13thxlwoy2qftuh204cgvvg3yvpyfbgvvc0k,0
Super awesome video < br / > Ôªø,2015-05-27T03:47:34.735000,Jared Acevedo,z12rif2ypuzofjo0s22se3e5dzrnznq2z,0
JUST DANCE 3 üòÇüòÇüòÇÔªø,2015-05-27T00:34:43.591000,Paul Crowder,z13xc5v4hkbfdvgpb04ccz0zkrujib4a23c,0
This Will Always Be My Favorite Song < br / > But My Favorite Part Is < href= '' http : //www.youtube.com/watch ? v=KQ6zr6kCPj8 & amp ; t=3m40s '' > 3:40 < /a > - < href= '' http : //www.youtube.com/watch ? v=KQ6zr6kCPj8 & amp ; t=4m11s '' > 4:11 < /a > In The Video Ôªø,2015-05-27T00:33:53.183000,Paul Crowder,z13fhbspolbawj5tn22bsbw5ynvlt1kku,0
Party Rock < br / > Ôªø,2015-05-27T00:25:35.792000,keonte moore,z133wlxihmr0xzicr224gfj53tnhxlxmg,0
"LMFAO - Party Rock Anthem ft. Lauren Bennett , Goo‚Ä¶ : < href= '' https : //youtu.be/KQ6zr6kCPj8 '' > https : //youtu.be/KQ6zr6kCPj8 < /a > < br / > BOX MAN GOT SOME MOVES ! : D HE MAKES MEH SMILEÔªø",2015-05-26T23:25:22.172000,Paige Lebrun,z120tv4aborbjtpuo22ecxvx2rqmsrhck,0
This best song ever hire < br / > Ôªø,2015-05-26T22:40:08.281000,EDWARD  PALMA ,z13wxrejjparwzku322ytdjamub5y5glg,0
"Its funny Mahogany lmao , I actually & # 39 ; know brother uncle part LMFAOÔªø",2015-05-26T22:21:28.011000,breathinsoul,z12sfpazjvv3s3tss23hdhgacwasjjemb,0
"Party rock anthem love , party rock anthem lifeÔªø",2015-05-26T20:35:37.090000,lol Ippocastano,z13gfxxpcpemtbfru04cgnobbqraszrowpc0k,0
"Stop , TOP 1Ôªø",2015-05-26T20:33:36.195000,lol Ippocastano,z13nfjwhmzyfthozy04cgnobbqraszrowpc0k,0
Ahhh back life & # 39 ; suck ... Ôªø,2015-05-26T20:03:52.314000,goofygroova16,z12lgx5xhnj2sdsy004cdhooyvfvd314dyk0k,0
Party rock ! XDÔªø,2015-05-26T20:03:08.241000,Boa Hancock Amelia Caria,z134ejc5qo2tinqb404cezl4ayq5cprwoqw0k,0
CUTE : ) Ôªø,2015-05-26T19:59:04.606000,eli≈°ka ≈æ√°kov√°,z12qgp2yvnbvx3wf1222idfjcybhhzl3d,0
LMFAO best songs ever ! Ôªø,2015-05-26T17:56:36.413000,Ciasteczko ;*,z13vg3dgkqjycpttg23bvl2pwzzzwnteo,0
"I fuckin love song ! < br / > < br / > < br / > After , I & # 39 ; sexy I know Ôªø",2015-05-26T16:56:19.780000,LikeüëëAüëëBoss (Chloe that pony lover),z12sulyo4qmyjvjvm23tznvzfnboetfuj,0
Shuffle hard made Earthquake NepalÔªø,2015-05-26T16:54:58.587000,FERTHEBOSS1,z13ydf2g2z3lz1ids22zy50ocn2hvxfn2,0
NiceÔªø,2015-05-26T16:02:07.100000,Madagascar Tropic Voyage,z12ghl3g3lfvsz5lh223u10jnyvgflune,0
still.. reminds 1 years back shuffle everydayÔªø,2015-05-26T15:46:26.833000,Gulam Maulana,z12re1q41uvxf3lkf22zzpdo4mj2cflxq04,0
Love song makes wan na dance ! Ôªø,2015-05-26T14:41:43.931000,Tyrone Wilson,z13sunj4vkyqwdwsq23jcvrpepyegzwrb04,0
time 2011 shirt coolÔªø,2015-05-26T13:14:11.830000,Ahmed al rawahi,z12hh3bobpvle1mvt22icnvommzjjxaup,0
Love video song courseÔªø,2015-05-26T12:53:14.308000,Merle Walton,z13jihf5luz0s5nlj22usvaquqeyvxk2u,0
Check video YouTube : Ôªø,2015-05-26T12:31:06.611000,Jenna Metchooyeah,z13fzt0pzle4dlczg04cfd3yonqhfrva3bs,1
Very Nice ! ! ! < br / > Yeah Fucking.Ôªø,2015-05-26T12:29:11.663000,Tominke Urbanƒçok,z13df5jp4umzg3jhw04chniaxlviirc4hqs0k,0
WELL THIS DUDES FADED THE FUCK OUT ! Ôªø,2015-05-26T12:04:50.454000,thebayareapimp,z131jxyx5lameffkt23qfhsb4weazhxxg04,0
Ah . Good old times ( : Ôªø,2015-05-26T11:51:10.891000,Meneer Mandje,z12cffepsub4gv5z204cjn5zykntdz45ygk,0
old good songÔªø,2015-05-26T11:13:20.537000,No Name Ass Fuk,z131uxqp3qawzxohf04ce3njbzawyjyhbuw0k,0
coolÔªø,2015-05-26T09:23:16.049000,hassan laidli,z125ed041z3phrqsu234vljydn35jhadw,0
2 million view anymore : ) ) Ôªø,2015-05-26T08:19:38.276000,wanderer damion,z12lzlsxewzbihrvl23jibxpttjxcrv04,0
GoodÔªø,2015-05-26T07:16:51.245000,Jipi Tr·∫ßn,z13dun5iruvhx3ryi04cgjkq1nqhhp2p1p00k,0
Check video YouTube : Ôªø,2015-05-26T06:19:34.669000,Xan Harmer,z13rhxvopkjkxp1kr23xfrio3oyttbvuq,1
Check video YouTube : < br / > Ôªø,2015-05-26T04:15:04.528000,Jessica Benavides ,z12ntfuinv2kjvjtr220szfjmru0ydt13,1
Remeber good ol & # 39 ; days songs & # 39 ; butts . Ôªø,2015-05-26T02:03:46.816000,ShockMinerX,z120zd0iryyxgfsnh22zxxqq1q3pjf5et,0
You music heroüòçüòéÔªø,2015-05-25T22:01:29.580000,marie smith,z12lfltwkq2cv1gft22aslh5hwyjgtzto,0
born wrong generationÔªø,2015-05-25T20:36:42.681000,Mattkrewe,z13hxdr5uvbsintfz22uddk4imbkcp20h,0
Love song makes wan na dance ! Ôªø,2015-05-25T18:11:22.048000,janet rangel,z13nctv5kwyetr3q504ce3443mqbhns4xu40k,0
Love song makes wan na dance ! Ôªø,2015-05-25T18:03:46.138000,janet rangel,z12cylxbfwfxijrbs04ce3443mqbhns4xu40k,0
Very good ! Like ! : DÔªø,2015-05-25T17:09:31.831000,–†–æ–∑–∞ –ì–µ—Ä–º–∞–Ω,z12rtnfbgv2jwdj4q04cefeaqxevh5ogpwg0k,0
"views ... ... They & # 39 ; 90,000 ! ! ! ! ! ! ! ! ! ! ! ! ! ! ! ! ! ! ! ! ! ! ! ! ! ! ! ! ! ! ! ! ! ! ! ! ! ! ! ! ! ! ! ! ! ! ! ! ! ! ! ! ! ! ! ! ! ! ! ! ! ! ! ! ! ! ! ! ! ! ! ! ! ! ! ! ! ! ! ! ! ! ! ! ! ! ! ! ! Ôªø",2015-05-25T16:33:18.843000,Andy FunnyVideos,z13wtxlwqlfizpaiq04cixs4eon3ez5xeaw,0
love lmfao party rockin keep goingÔªø,2015-05-25T16:30:30.753000,Gaven Purdin,z13ezbtpzujggwcckyy0cljbfkn0zbkk1,0
Best Music Ever ! ! ! Ôªø,2015-05-25T12:24:17.075000,Martin Dushkov,z12hy3mipnupwbelu23bxloz0uyutfhql04,0
LikeeeeÔªø,2015-05-25T07:44:47.054000,Ernad Smailovic,z12pxvow0mzfj3mvx22hv3eqslmuvl4w304,0
CoolÔªø,2015-05-25T07:14:26.531000,nienke de kimpe,z12ycjvh3nbqulnmr23tyv45pubiexurd04,0
Remeber song goodÔªø,2015-05-25T05:43:54.048000,D Maw,z13jvndqyr2zjzpxo04cij4pdva4yhqzlq40k,0
2015 & lt ; 3Ôªø,2015-05-25T05:37:32.023000,jesus sanchez,z122wfsbyvfeip0wl04cefjz1svzcd25vqg0k,0
want robot guy ... Ôªø,2015-05-25T03:11:56.180000,Chibi Chan,z13lutxw3tnfj3fgg04cfrwgolm1ftzp2ug0k,0
I LOVE YOUR SONGSÔªø,2015-05-25T03:02:02.615000,Brianna Reed,z12pd3wq0p3wzzt5p04cd33pwnrreduadn40k,0
Omg & # 39 ; going 1bi views ! Ôªø,2015-05-25T02:12:17.753000,Lemon Slices,z13yd544duyufvy1h22mhplzskveejjl3,0
Dance : ) Ôªø,2015-05-24T23:52:38.563000,Georges EIrani,z12sh3g5bxeczzrpw04cg3vatpv5cphzbok0k,0
Check video YouTube : Ôªø,2015-05-24T17:13:37.700000,Paul Garza,z13jszkr5ka1e5s5204cetkg3mnazbb5zcc,1
5 years ... Ôªø,2015-05-24T16:10:47.020000,ignacio diaz palma,z12vtxzqskzlupozn04cdjdpvrvctxjpn0c,0
cool cool cool cool cool cool coolÔªø,2015-05-24T15:54:08.016000,Amanda Ludwick,z121hxvwrz35e1udw22lh5objyf1wxefn,0
Wow I love Ôªø,2015-05-24T15:47:50.071000,Eliana Guzman,z12avxpx4t3xib0fq225jvlbdnqfh320y,0
Who knows name girl ? .. one.. one ... Ôªø,2015-05-24T11:54:19.170000,Kenster,z122ixhpoqn3i3s5u04chxvxqtr0dns4gqs0k,0
Why stop career music ? This music rocks ! Ôªø,2015-05-24T11:35:58.714000,Baptiste Blomme,z13yydnzzta0frsum23rx31imxmdfn4t3,0
Very Nice ! Ôªø,2015-05-24T02:53:52.667000,Franklin Music,z12ctjfqtz3gjtgqj04chrbxtxutf5dh310,0
Why sooooo many downs ? Ôªø,2015-05-24T02:28:34.605000,Salvador Sanchez,z13lfhwrjweyxzs4c04cgxwywsvyw3zhexg0k,0
tension‚§¥Ô∏é‚§¥Ô∏éÔªø,2015-05-23T23:26:05.305000,crazy girl,z13fvlhr2lzfflguw22hd5rjckihspgwt04,0
NiceÔªø,2015-05-23T20:55:07.056000,Sana Kashif,z133wn2qulv5zz45q04cc10qbqv3gts5e3w,0
2015 < br / > I like videoÔªø,2015-05-23T18:59:07.686000,Yuliana Andrea  Caucali Acosta,z13sjlb4rrjmdd2tl23cidlblkizefxvx,0
music yeahÔªø,2015-05-23T18:56:07.484000,luisel Tutoriales Gameplays (luisel Tutoriales),z12uzb3oxy23cbikz23qsjczaxz5wh1t5,0
Like 2015 ! : DÔªø,2015-05-23T18:15:32.442000,_ OMGiTzLeo _,z12jvb5gsrnmebqqv04cg11jwtmdwfdx1jw,0
This epic track . And video awesome ! Ôªø,2015-05-23T16:34:57.143000,Lizz Seamore,z12bivpo3navshouw23tixb5imayt1xqt04,0
LIKKEEÔªø,2015-05-23T16:16:34.285000,irving echeverria,z12jf1h5lznmuhcuw22ruxdyxp2eh32ch,0
give likeÔªø,2015-05-23T16:13:56.684000,joann belin,z12tgphxmvmizr5h104cjzr5rle3tftgch0,1
Lets partyÔªø,2015-05-23T13:58:07.199000,Powpie Cheers,z12njt2xmsb2jpbp104ccz3xiwfzflriujo,0
"Support fight 4th amendment right privacy home business . Stop NSA spying Americans un Patriot Act Renewal . Rand Paul spent 10.5 hours Senate floor Protest Filibuster fighting Constitution Nation founded . Join fight Rand Paul dot com . Spread The Word . We Have Someone That Cares About Our Nation . Email Senators , Congress men women , tell support Rand . Tell news support Rand . Senator Rand Paul < href= '' http : //www.youtube.com/watch ? v=KQ6zr6kCPj8 & amp ; t=1m00s '' > 1:00 < /a > morning fighting Constitution.Ôªø",2015-05-23T11:46:55.624000,Terry Short,z13tsligxuffvrxkz23qibyydnbagphm2,1
"mindblowing dance. , . , .superbbb songÔªø",2015-05-23T05:28:49.504000,pratik patel,z13fehihaneyzh3wp04cfxrwkyfkwvgoex00k,0
Anyone else think video theme bit insult 28 days later ? Ôªø,2015-05-23T04:03:15.720000,Tiona Mayo,z12ldxsqzsvvwf5h404cjh5ooxincztrles,0
Check video YouTube : Ôªø,2015-05-23T01:50:08.642000,Jd Hurst,z12lfnvjjm3vi1fsx23mdjc5rpu3x3kox04,1
Never get old Ôªø,2015-05-23T00:53:59.385000,Thejaynetts,z13qwl2rznzohbhqy04ch3cy5tnihrkhlt40k,0
I remember used popular around time. < br / > I still love it.Ôªø,2015-05-23T00:00:28.937000,Ch√¢u Nguy·ªÖn (Michelle),z13rjvjx1qbrsf5ng233tbgyyxy2wroqu04,0
Strong messages every song I & # 39 ; heard.Ôªø,2015-05-22T20:42:29.523000,Roham 11,z13lfpkzyzvoynqvi234g5ix3taoefr21,0
4 fucking years fucking past fucking fast fuck ... ..Ôªø,2015-05-22T19:29:46.566000,vipman yea,z13jspr4tpe5cfofr23eftm4ivaigv1ju04,0
I know old song ( like ) watching 2015Ôªø,2015-05-22T17:51:58.941000,sok piseth,z13bx3dxkuqafjtdo22dszzq4wy0sxxkq,0
& # 39 ; watching summer 2015Ôªø,2015-05-22T16:27:17.041000,troll face,z12fud04ypiisp4gu04ccbrobq2fzlbawsc0k,0
I going blow mindÔªø,2015-05-22T15:04:20.310000,Carlos Rueda,z12dfr5irwr5chwm3232gvnq2laqcdezn04,0
And i¬¥m Shufflin still today : DÔªø,2015-05-22T14:43:16.180000,FunCircUS,z12tevwo3qq4cxwv022vgxnx2senxvxar04,0
This favorite song ever love Party Rock It Everybody ! ! ! ! Ôªø,2015-05-22T13:54:59.712000,Waleed Khan,z12nd5j4tofqu3r5104cirbicuj0v3pp51k,0
1000000000 views.Ôªø,2015-05-22T12:31:53.438000,Tu·∫•n Anh Nguy·ªÖn Ti·∫øn,z124c10ohxvlx1mip04ccp3rqtetgp2qxhs,0
lets get 1 BILLIONÔªø,2015-05-22T02:08:09.304000,JR6GAMING,z13ucpgpwv2zw3wwr04ch5jj3ya1jtmq1g0,0
Love soooooooooooooooooooooooooooooooooooooooooooooooooo muchÔªø,2015-05-22T01:59:18.387000,Mayen Dabuol,z120t12qtr23etulr23rvzbyfyj1yfons,0
I love song muchÔªø,2015-05-22T01:37:18.791000,Carol Galvan,z121tf4iwyrivvpsf232dhho5k33dvxy204,0
I & # 39 ; A SUBSCRIBERÔªø,2015-05-21T20:47:08.673000,Connor Mire,z13uzb3zqoylw1kl022zidpqbn2tfpcjr04,1
This Song AWESOME ! ! ! ! Ôªø,2015-05-21T20:46:54.704000,Connor Mire,z13xxf3qlq2bxpm1o22zidpqbn2tfpcjr04,0
Best song ever made swear : D still hear even doe old ! ! else ? Ôªø,2015-05-21T19:41:48.565000,Lolumad66,z12cttv5iwv0ur3en221ih2zssbkfrczq04,0
I came Vanoss.Ôªø,2015-05-21T19:16:44.104000,Nancy ‚ÄúAya‚Äù Lo,z12mzfsy0mypfvcy404ccdvqmyq5gzqazow0k,0
Best song everüíúüíúüò¢ < br / > Ôªø,2015-05-21T14:15:23.860000,Tala sweet,z13kvz3pluj4uv2es23ugvuytyftxbpb204,0
epicÔªø,2015-05-21T14:01:01.480000,Miix_MC,z12jjrfyukjlw5wyl04cddbo5pysslphbqs0k,0
"I like much music , good Ôªø",2015-05-21T11:41:30.117000,   Berty  Winata,z12qd1vx5xjecxvxu04cevnpmmqve30jgrk0k,0
Beautiful songÔªø,2015-05-21T11:34:17.696000,Shirley Donoso,z13dv1fxtl20jhylo22pyx5gvme4wra1q,0
Why I feel like Gangnam style copied song ? ! Ôªø,2015-05-21T05:31:14.644000,Aryan Khemka,z13ufhijoxrjsnrxz04chh3gzledzruyg2c,0
"Damn , everywhereÔªø",2015-05-21T03:30:25.794000,LemonSpy_,z133xtoivnattvbm123idnoxlxryufnlg,0
Party time ! Ôªø,2015-05-21T01:28:02.562000,Ice cream hero For AWSOMENESS!,z13egr0zgknxttdyj04ci54ofzamcpuipng0k,0
never gets oldÔªø,2015-05-21T01:24:34.058000,Steven Sachel,z13mgxsztmn1hpam223tcxbglvi2wpx4o04,0
song fu cking awesom ! ! ! ! ! ! ! Ôªø,2015-05-20T21:46:43.674000,Nick Hardison,z13wz3sxqzv5u1axg04cepvrosylertw5xo0k,0
HOW DO YOU PUT A PICTURE FOR YOUR IMAGE THINGIE ? ! ? ! Ôªø,2015-05-20T19:53:57.924000,Angela Alor,z13ms12adsbdjbdds23nctrqsq2qhtose,1
"okay , cover time ... Thumbs & # 39 ; watching youtube still exists.Ôªø",2015-05-20T17:39:26.476000,DrPunkable,z12cjdywboihdxu5d04celsj0m2vjzrwk0k,1
"This song insane. < br / > Do dance listening song ? ( , lol ) Ôªø",2015-05-20T16:57:09.940000,shreyes taral,z12mfpupfyqairrzh04cf5v5ppeldjha53c,0
: ) Ôªø,2015-05-20T16:17:41.577000,Smile day,z13bdbmoqo3yurmfa22lznkpvqqkfl5fh,0
Thumbs shrek gay üëçÔªø,2015-05-20T13:16:34.752000,Eduardo Salgado Uresti,z12vsvqwqyjiinvj204cjjjyflbgvbsgtlg0k,1
THUMBS UP FOR ROBO GUY BABYÔªø,2015-05-20T12:40:57.549000,Marshmallow Kingdom,z13rfjuxmtm3vd2eb23qi1brgq3ic5nxv04,0
SERIOUSLY HOW DID THEY COME UP WITH THAT BEAT IT IS INSANELY GOOD HOLY FUCKÔªø,2015-05-20T12:39:21.201000,Marshmallow Kingdom,z12byh5aau33evli204cits4yxmsht0qjrg0k,0
BEST PARTY SONG LITERALLY PARTY ROCK IS IN THE HOUSEE TONIGHT ! ! ! ! Ôªø,2015-05-20T12:38:04.230000,Marshmallow Kingdom,z13wtxw41lucynljt04cits4yxmsht0qjrg0k,0
MemoriesÔªø,2015-05-20T12:10:42.138000,Mary McCoy,z13tudczpxi5j1eun22zudooymblxxeup,0
I lovee ‚ô•Ôªø,2015-05-20T10:15:33.415000,Ticci T√∏byyX3,z133dbir3vbttld3122mdjtjyq3dc35z504,0
More views nikki minaj AnacondaÔªø,2015-05-20T07:52:09.296000,Niecee Sumling,z132ed545qrhytxr404ch1q43uuyzrdwnqs0k,0
LMFAO IS THE BESTÔªø,2015-05-20T05:49:45.161000,Dicky Tricahyadi,z12de5li5lzwcbblp23gc11zmli4t5r10,0
Who else saw jesses dancing sorry I spelled wrong peace‚úåÔªø,2015-05-20T04:15:49.589000,Daniel Cruz,z133hrmoltquclguh23luxkq2w2zgj1vz,0
I like robot shuffles shuffles goodÔªø,2015-05-20T03:52:41.589000,Jasmin Lopez,z120ubqoukjxu1ktp22xfvexvyu3xzkbv04,0
cant stop shuffleÔªø,2015-05-20T03:50:29.098000,Blaze Blaziken,z12sub0pnwzlgnz0r23pwvaqtuveyxr1z,0
Dang Dat little kid gat movesÔªø,2015-05-20T02:07:55.736000,Maria Lopez,z12aczabeuzvhb0bg04cg35o2li0whbglss0k,0
I miss song . üò¢Ôªø,2015-05-20T01:50:18.209000,uncleltr,z125fx5glr2mwfycg22otzyjbvuod5yjx04,0
Loves itÔªø,2015-05-20T00:31:13.204000,creeperx 945,z13twftbwk3qxl3gp04cgnob4ueot3pglok0k,0
Check video YouTube : < br / > Got ta dance blast every time I hear song ! ! ! ! Just ‚ù•love‚ù• ! < br / > Ôªø,2015-05-19T23:21:48.011000,Bella Cullen,z12dhjqivqv3zvxwl04ccrs43v2wz1cbys40k,1
Man song really get bones - one minute I & # 39 ; nearly dosing sleep - next I & # 39 ; shuffling like crazy hot feet XDÔªø,2015-05-19T23:17:19.120000,Insomniac,z122wjt5wsi3xt25304cg1yrnxuxyluayuk0k,0
That shake golden black robot really partying Ôªø,2015-05-19T23:09:27.619000,Deyanira  Urena,z12lxf34zybwv5siw04cftthhuiksxfjpjo,0
Take look video YouTube : Ôªø,2015-05-19T22:10:02.515000,emrah England,z131i14binnjjtrnn224e5yw5re0jxtmf,1
cooooooooooooolllllllllllÔªø,2015-05-19T22:01:54.036000,Fire Ghost73,z13jzdtr3nqkc5ooj04cilhxgzywzhfrnzc0k,0
Wow ; ) Ôªø,2015-05-19T17:13:17.961000,Khadra Abdirahman,z12sz3wprvyovr2sr235gbex2tewsbqwh04,0
"OH SHIT THIS WAS UPLOADED ON MY BIRTHDAY , finally birthday isnt curse , day maylaysia airlines went missing , thought birthday curse xDÔªø",2015-05-19T12:40:24.071000,edge mango,z13hhvtojxzvyl3oc04ci5pzaqjpynz5nvo0k,0
everyday I & # 39 ; shufflinÔªø,2015-05-19T03:50:16.935000,Pepe The Meme King,z13ledpiwqidu5iu022vy1yy3zntxnniz04,0
everyday I & # 39 ; shufflinÔªø,2015-05-19T03:49:29.427000,Pepe The Meme King,z12nd53pxmacxb5wz04cfjsbvsjyjbqihvw0k,0
Thumbs FE-FE-FE-FE-FEGELEIN brought u hereÔªø,2015-05-19T03:49:19.732000,Damn Son,z12gyripbnbehdria04ccn2jxlqkwjhqbio,1
Every day I & # 39 ; Shuffling ! Ôªø,2015-05-19T02:04:52.377000,Teo Wei Jun,z13bixew2rvmfpxcx23mf3iwxmydd3qh104,0
cool song ever good thing hereÔªø,2015-05-19T01:37:24.873000,Heavyassmetalman,z13gcbixunqogr2k4220fp1xcqz5svi0b,0
world shuffle ? ? ? Ôªø,2015-05-19T00:46:08.243000,EraserMan2,z13jwbvxvoqje10yg04ccbx5lna5w5rr0tg0k,0
"Love guys , love song ! Ôªø",2015-05-18T18:14:56.234000,jen ven,z13bvpnptyiuzjlr004cijkhguzvjlsjrpw0k,0
Its funny I listen rock death metal . But like this.Ôªø,2015-05-18T15:00:30.430000,Alexis Dean,z13ot51yusa1htugp04cffzh0knkz55ae4w,0
"Shuffling way LMFAO ! I like one , wish I could shuffle like crazy dudesÔªø",2015-05-18T14:57:49.390000,Georgina Riba,z133gz1qly2kit14004cgfuznyqezxay4uk0k,0
5th viewed video.. guessÔªø,2015-05-18T14:50:38.070000,CHINMAY JANGID,z13ftvvprmqnijnrr04cgrej5paxhp3ionk0k,0
favorite songÔªø,2015-05-18T13:48:51.649000,JuanjoOMG,z13duz4apzezupvmy22agxwikzizhrah304,0
I like song < br / > Ôªø,2015-05-18T13:01:00.402000,sheerwill,z12tyfpzkznlghgqz04cjpsp3ymuil05t3g,0
Wow dance showÔªø,2015-05-18T10:56:12.254000,Ali Altƒ±nƒ±≈üƒ±k,z13zvnepkwvgirzi104cdf1pyyyecthieew,0
AwesomeÔªø,2015-05-18T08:38:34.236000,vieshva .d.exodous,z13cfr5o3mnyez4ju04ce3whmvflg1fifl00k,0
like ur watchin 90000000000000000000000000000000000000000000000000000000000000000000000000000000000000000000000000000000000000000000000000000000000000000000000000000000000000000000000000000000000000000000000000000000000000000000000000000000000000000000000000000000000000000000000000000000000000000000000000000000000000000000000000000000000000000000000000000000000000000 1Ôªø,2015-05-18T07:12:10.556000,Mason Pearce,z12ojfkgxxrxurgvz23vxxjg2rabwlikn,1
Good times . Ôªø,2015-05-18T04:20:48.086000,Cameron Raji,z12cgnpg1z2kydz5x04cg5djrte2zllprng0k,0
Laughing My Fucking Ass Off ! ! ! Ôªø,2015-05-18T02:58:22.855000,Fred Courroie,z13cy1hhuzuuz3m3n23jhbo4bsylj1rt5,0
"see back 2015 ask people got like song . seems like Gangnam style copied style though , might yeaÔªø",2015-05-17T23:01:41.901000,Blaze Rod,z13djfvhftzqdxlql04chviyzoroz52wroo0k,0
wait I SAW A KID NOT KIDDINGÔªø,2015-05-17T21:07:42.387000,connie cooper,z13suboizyjhsvsg004cj3iypry3hjewpss0k,0
Party rock due duelÔªø,2015-05-17T19:58:38.281000,Donna Loyd,z12hctzi5nvbxhcqu04civkgsujfeffxkvs0k,0
fucking love omg : vÔªø,2015-05-17T19:55:19.876000,Chihiro Cross,z12je1hpbmvbux4iu04cflvz1qiluvvawo40k,0
good I dance companions front whole schoolÔªø,2015-05-17T19:43:43.872000,javiera fracisca labrin,z13cdn1asl2jy5ceu23ssbvohmqcjxdw104,0
Check video YouTube : Ôªø,2015-05-17T19:36:36.955000,Vathanarajah Kunarajah,z12gwzbqipbzyt0dg232zfya0qzpudm0e,1
I could finally spongebob I started yesterday XDÔªø,2015-05-17T19:35:44.075000,chicharito fan,z13qfx0atsepgjsjn04cdniyxw21y3qqarg0k,0
Thumbs & # 39 ; watching 2015Ôªø,2015-05-17T17:14:17.168000,Lorenzo Raggiante,z13jtruhmlzzznqps04cd5rrbl2uexth4to0k,0
I love itÔªø,2015-05-17T16:33:08.950000,Naomi Rayner,z13ctjchczaqerw3i23aw3cbzqidflbb304,0
"LMFAO - Party Rock Anthem ft. Lauren Bennett , GoonRock.Ôªø",2015-05-17T16:18:24.098000,Julien Paradise,z12xdtdgitfgyxa0y23sxbvrwp3owpjgd04,0
I hate Laura Bennett comes inÔªø,2015-05-17T15:38:50.015000,Emiliano Maldonado,z13yu32w3mrltv3qk04cjztj2wmos54qfss0k,0
SUBSCRIBE TO MY CHANNELÔªø,2015-05-17T14:02:31.882000,"TelePricol - FUNNY VIDEOS,–õ–£–ß–®–ò–ï –ü–†–ò–ö–û–õ–´",z13pxhrhjrjqfzifz23bttvrnrifc3nhf04,1
Party da üè† tonight üëêüëêüëêüëêüëêüëêÔªø,2015-05-17T13:02:04.359000,Sandra Barrett,z12yyvhiywmvj305f04chz3hpyfpebypv5o,0
Best partying Ôªø,2015-05-17T12:44:46.679000,Callum Hudson,z12kcnk5hsyvuv5sm22kfvapdk2of5poa04,0
omgÔªø,2015-05-17T12:13:49.502000,The Relaxation Den,z12tjp244my0yhxqs04cc5jqkybuvrywkjw,0
What & # 39 ; guys jacket ? 1 sleeve sleeveless armÔªø,2015-05-17T11:50:46.223000,dan19752008,z12wyrji5vvpjp1ux23ufr0pzojkz1fwk04,0
Best song everÔªø,2015-05-17T11:03:22.388000,OfficialBladeDoesGaming,z13lzzd4yrzbhzaez22gfnvw1nugw5k0h,0
Take look video YouTub < br / > YouÔªø,2015-05-17T09:07:30.578000,Nina Mackie,z13wg12iskysxzuhi04cdhcxam2wdxfi4hk,1
like steps ... Ôªø,2015-05-17T08:21:37.091000,adish Newar,z13mdf1oeo3ddhrdg23sxtdw4mzmwdbsd,0
Let get video one billion viewsÔªø,2015-05-17T03:57:28.997000,Lxflys yolo,z13pdz0imlendr3es23zsv5iflbewhedb,0
In head like 2 years ago.. Time FLIESÔªø,2015-05-17T01:14:28.368000,Eli Zabeth,z12kcfcxyvb1cxhls220s3g4jlrtuppxg04,0
"870,000,000 views ... 566,000 comments ... oh lantaÔªø",2015-05-17T01:07:13.243000,NoName,z131i5aanxneixud422egfx4rsmugbpm1,0
Its 2015 still shuffling songüé∂üéµüéßÔªø,2015-05-17T00:45:35.581000, Ñ…õ…õ≈ãƒ±…õ ·É™…õ…õ≈ãƒ±…õ,z132jt25frfdihz4304cjnnixqedsx2pvx00k,0
Check video YouTube : Ôªø,2015-05-16T23:25:15.189000,vinh nguyen,z13xzrkqqre1tvoop04cfnzgaurpgxugyt40k,1
Who df Lauren Bennett..Ôªø,2015-05-16T20:54:22.455000,Charlotte ‚ÄúCais‚Äù Blackstone,z13evxpranjhwr20s22mux2pkk33gxjmn,0
"So , coolÔºÅÔºÅÔªø",2015-05-16T20:51:51.477000,„ÅØ„Çå„Åü„Çâ„ÅÑ„ÅÑ„Å≠,z125ynbaple1d13c322isreomnqfwlbpm04,0
awesomeÔªø,2015-05-16T19:10:09.761000,Matias √Ålvarez calderon,z12hevg4xqi4gjfiy04cj3szcoqcwnhhjok0k,0
"This cool , & # 39 ; I heard ? Ôªø",2015-05-16T18:39:56.140000,Klaudija Horan,z122s1rwjlvzv3ybs04cglcyrnfatry5ku00k,0
XD I WAS GOING CRAZY FUCKIN CRAZY WATCHIN THIS BRAHÔªø,2015-05-16T18:17:34.524000,ZRSFirelordGaming,z13ttr3z1kybet3io04cfv2icvbtj3ro120,0
I shuffled listening song . THE ILLNESS IS SPREADING ! ! Ôªø,2015-05-16T18:16:00.954000,Daisy Nieto,z12gg1xzcpijhj0s422ztz5iknucsduvl,0
Way guy warring robot head.Ôªø,2015-05-16T17:29:57.194000,Alex Ramsey,z12pgtzpkxugxrgvr234y53aaofptbql4,0
like songsÔªø,2015-05-16T17:08:18.605000,Elidet Rivera,z134sxlwjxiwhzfet222vtfplljkunrsm,0
"Almost 1 billion views , nice.Ôªø",2015-05-16T13:30:23.531000,Xerota,z12yw1nglsawyxbjt04cfrzrtqiqxxsw2k40k,0
sorry haters < br / > < br / > < br / > < br / > < br / > < br / > < br / > < br / > < br / > < br / > < br / > < br / > < br / > party rock enÔªø,2015-05-16T13:24:12.909000,brick paterson,z12te1b55o3szl5xp04chxrpppunsxoaxgw,0
I like < br / > Ôªø,2015-05-16T11:42:37.704000,Pamela  Foster ,z12uftqhewi0v3ozj04cgnyylzjitrozgv00k,0
GoooooodÔªø,2015-05-16T02:11:43.099000,Ashish Sachdeva,z12wyr0hqtreu51mg22zf1zgvqavdvklk,0
:3Ôªø,2015-05-16T01:54:31.334000,ROBLOX Gaming,z12cvnpwzrmncblfm230ejjwpzvetrgl5,0
likeeeeeeeeeÔªø,2015-05-16T01:24:57.701000,Oscar Yovera Palacios,z12vxdc50rqhilm4304cc3rrlyejfbgb0cs,0
shuffle ! ! ! ! ! ! ! ! ! ! ! ! ! ! ! ! ! ! ! ! ! ! ! ! ! ! ! ! ! ! ! ! ! ! ! ! ! ! ! ! ! ! ! ! ! ! ! ! ! ! ! ! ! ! ! ! ! ! ! ! ! ! ! ! ! ! ! ! ! ! ! ! ! ! ! ! ! ! ! ! ! ! ! ! ! ! ! ! ! ! ! ! ! ! ! ! ! ! ! ! ! ! ! ! ! ! ! ! ! ! ! ! ! ! ! ! ! ! ! ! ! ! ! ! ! ! ! ! ! ! ! ! ! ! ! ! ! ! ! ! ! ! ! ! ! ! ! ! ! ! ! ! ! ! ! ! ! ! ! ! ! ! ! ! ! ! ! ! ! ! ! ! ! ! ! ! ! ! ! ! ! ! ! ! ! ! ! ! ! ! ! Ôªø,2015-05-16T00:46:38.313000,Liam Mcewan,z13gelg50zuihd2bs04ccvojgrfvfrwjfmw0k,0
lol funny love itÔªø,2015-05-16T00:20:41.387000,Shaina Rodriguez,z12xizopmzbch3dje04cibrzbqi2x54ptgk,0
good partyÔªø,2015-05-15T19:46:53.719000,‚Ä´◊ê◊®◊ñ ◊ê◊®◊ô◊î‚Ä¨‚Äé,z12pwrxj0kfrwnxye04cjxtqntycd1yia44,0
Do like comment watching 2004Ôªø,2015-05-15T14:58:48.131000,Synchronized‚Ñ¢ Nightcore,z13kf5iwrofhglmk1231xreqhuu4xrwcl,1
Check video YouTube : Ôªø,2015-05-15T12:57:45.957000,Nguyen Thanh Son,z13dhbaigtyijdrwx04cizho1lfidrircjc,1
Check playlist YouTube : Ôªø,2015-05-14T17:59:04.547000,16ladydanger,z13pgfty2nvaitsgd04cfbir1rfninn4auw0k,1
Check video YouTube : Ôªø,2015-05-14T14:10:58.987000,reesekupp24,z13ohniidsqhcjs1k22ti544qybadb25b04,1
share thoughtsÔªø,2015-05-14T13:12:39.729000,Bradley beswick,z12ojrnynma1j352o22ft1kx5s3xiprvx,1
subscribe plzzzzzzz plzzzzzzzzzzzzzzzzzzzzzzzzzzzzzzzÔªø,2015-05-13T17:15:41.261000,Almohtarif Info | ÿßŸÑŸÖÿ≠ÿ™ÿ±ŸÅ ÿßŸÜŸÅŸà‚Äé,z13oyf1ben2sezqq504ci1i4ktees5aw0oc0k,1
"YouTube collaborator & # 39 ; anyone ? subscribe , I & # 39 ; subscribe back . I also start uploading YouTube videos . < rel= '' nofollow '' class= '' ot-hashtag '' href= '' https : //plus.google.com/s/ % 23LMFAO '' > # LMFAO < /a > Ôªø",2015-05-12T17:25:33.187000,Aquan Hall,z13ltz3bakrjfxxhx04ccvzhorbicrlrnt00k,1
Guys lmfaois going reunion June/27/15 expo Idaho gardens going 2 performe live & # 39 ; going 2 press conference answer questions live channel I got publishing rights subscribe channel watch whole thing u & # 39 ; believe look hope see u true fans yes & # 39 ; free Ôªø,2015-05-12T06:07:23.379000,Joe Ybarra,z13butni2oehuf10e22nslhgcxydyv4cj,1
IIIIIIIIIII LOVE THIS SHAKE IT SONG OH SORRY EVERY SHAKE IT SONG I LIKE WATCH SUBSCRIBE AND NEVER UNLIKE BROOOOO ! ! ! ! ! ! ! ! ! ! ! SHAKE IT UPÔªø,2015-05-11T20:43:01.326000,FreddyLegends Songs,z13oxrgicuueitsig04cijfwpunexhgyd3k,1
Check playlist YouTube : mÔªø,2015-05-11T03:48:24.272000,Ashton Larsen,z12hv1bh4sidiji2m22mcpxxunqoyjfpz04,1
Check video YouTube : < br / > < br / > < br / > < br / > Ôªø,2015-05-09T22:59:57.737000,Christy Bautista,z13zgnsz3qnac3xp204ci1kzyveqyfkz12o,1
Check video YouTube : Ôªø,2015-05-09T13:49:23.857000,dan reyes,z12sj5z4axu0zfuej22ccbexhuvcizgmj,1
Who & # 39 ; watching 2015 Subscribe ! Ôªø,2015-05-09T13:09:17.453000,zonZi,z13xi3opxyetwjgct221hrwzgpaxfttwk04,1
Come subscribeÔªø,2015-05-09T01:25:16.018000,SHANE MINECRAFT,z12at1g5dtmlf5ui304chtvhknbfcbiylqc0k,1
SUBSCRIBE MY CHANNEL PLEASE LOL PRO PLAYS ) Ôªø,2015-05-05T09:32:04.687000,Patrik Gybka,z13aud2q2nvduhzm522ohj5hxqudizs4p04,1
Check video YouTube : Ôªø,2015-05-04T17:13:41.103000,jenrry garcia,z13vu1mhmw3jzv5zr04cf5rr2xvdzxw4dcc,1
Check video YouTube : Ôªø,2015-05-04T07:22:53.416000,Renee Colley,z12kxfdagp2hubhd122ddnaz3z2iupfw404,1
I wan na see many people like comment . I & # 39 ; give month : ) Ôªø,2015-05-04T02:32:37.593000,Ori Yonay (EatDaPoison),z13md5uabuyschuvr22rx3fybuzczpdai04,1
PLEASE DON & # 39 ; T LIKE THIS COMMENT IF YOU ARE WATCHING IN 2015 ! ! ! ! ! ! ! ! ! ! ! Ôªø,2015-05-03T01:39:03.193000,Malvin Baez,z13wyl5pgmjgvj1rr04cfxfpjz22yfbwly00k,1
Check video YouTube : Ôªø,2015-05-02T03:56:24.560000,mariela guzman,z12lj5vp4umotnlo004cg5fhpz2svlkaeyg0k,1
I like This Comment kill : PÔªø,2015-04-29T03:58:06.452000,Sinaloence LiveUniverseI,z12kil5h2ujlyzgnc23qtzqyokqrc3301,1
Check video YouTube : Ôªø,2015-04-28T10:24:07.401000,July Baby,z12twdioonizgpvdv22zwv1i1njct3hhc04,1
Check playlist YouTube : Ôªø,2015-04-28T01:07:30.541000,NerdyQueen„Äà3,z12gwxpqcqnoev1ow04cdvbwvla3xnuhs1g,1
Check video YouTube : Ôªø,2015-04-26T20:44:52.830000,Nana Diaz,z12lgxdibmu3vd0tt23nh3k4gkathp1mj,1
Check video YouTube : Ôªø,2015-04-25T00:37:34.423000,Josh Snow,z12iix3puuj5wxufw23fzrnybxqdy3v4s04,1
Check video YouTube : Ôªø,2015-04-21T14:52:10.879000,Andrea Incollingo,z12gf55w4pr0ibswj04cfzyb4my1zbnjsps0k,1
Check video YouTube : fb iÔªø,2015-04-19T20:48:32.564000,Sadie Pratt,z13phzg4gtbxtdo1o225ivwglz2wyf3vm,1
ALL SCHOOL DROP OUTS I KNEW AS FRIENDS BEFORE THEY DECIDED TO DROP SCHOOL THINK THERE IS NO NEED FOR AN ID CARD OR A CERTIFICATION TO PROVE YOU ARE AN EDUCATED CLEAN IN CRIMINAL RECORD TALENTED PERSON TO WORK IN ANY ENTERTAINMENT FIELD WORLDWIDE . THEY THINK THEY COULD BE RICH ENTERTAINERS BY CONSOLIDATING WITH ACTORS / ACTRESSES AS WELL AS SINGERS FOR A SHARE OF PROFIT ( S ) .Ôªø,2015-04-19T08:21:52.071000,HAGER KOTRY,z12ejj24lzmnwd5ex231czmjbmestruas04,1
Check video YouTube : Ôªø,2015-04-18T22:02:00.446000,jefflynnejp,z13tfboihurwxtvh404citxyhomhjp5jqbc,1
Check video YouTube : Ôªø,2015-04-18T16:15:24.463000,devon smith,z12edviawnfadzi0q221cl3gutv1utvty,1
Check video YouTube : Ôªø,2015-04-18T14:27:02.046000,Trong Tan Trung Tran,z12ssnxafveqfp2jj04chjxgxsf5d1pqxio,1
Check playlist YouTube : ◊ô < br / > < br / > < br / > < br / > ‚õ∫üè§‚õ∫‚õ∫Ôªø,2015-04-17T15:50:59.010000,‚Ä´◊î◊ô◊ú◊î ◊©◊ï◊î◊ù‚Ä¨‚Äé,z12tdhsicp3qubmdx23mehm5ipjnvdoyc04,1
Check video YouTube : Ôªø,2015-04-16T00:20:37.792000,Wendy Artiles,z12khbui5mqzd1wpg04cczdbnsuyep5bubo,1
Check playlist YouTube : < br / > < br / > Ôªø,2015-04-15T15:37:01.799000,Claudia Guerra,z13jgzngmnuhgze0e22ywxrjzqvltz4ay04,1
Check video YouTube : Ôªø,2015-04-15T11:00:09.313000,Wayne Jackson,z12hsxrbio20xj1x504cfrsylnzmwlcx4i0,1
Check video YouTube : Ôªø,2015-04-15T10:59:35.339000,Wayne Jackson,z13fux1zyqaeudaor04cfrsylnzmwlcx4i0,1
Check video YouTube : Ôªø,2015-04-14T01:39:41.391000,Monica Parker,z13kxv452pm1cjgx104civvjyknfvd1jh5w,1
View 851.247.920 < br / > < br / > Best youtube Video < br / > If Subscribe My Channel please ! < br / > Thank ! & lt ; 3 < br / > < br / > Melhor V√≠deo youtube < br / > Se Inscreva Meu canal por favor ! < br / > Obrigado ! & lt ; 3 < br / > < br / > Mejor Video youtube < br / > Si suscriba mi canal por favor ! < br / > Gracias ! & lt ; 3 < br / > < br / > Meilleur vid√©o youtube < br / > Si vous abonner √† Ma Cha√Æne se il vous pla√Æt ! < br / > Merci ! & lt ; 3Ôªø,2015-04-13T02:00:20.152000,Victor Gamer,z12gctfjtpq4ybcdx23sshorsxrsx3ave,1
We party next shareÔªø,2015-04-12T17:00:09.472000,Jahmir Roberts,z13ce33rgrihh5vzz04ch3oqllbsh1u4nkg0k,1
Lol check chanell subscribe please want 5000 subs thats im nearly nowÔªø,2015-04-11T20:32:48.515000,THE AMAZING MOVIE MAKING NAD GAMING TOM BURKE,z12idnt4plzphv3jx04cd5jxoqjkzfxxsf0,1
Check video YouTube : Ôªø,2015-04-11T08:36:04.370000,Kiarna Burke,z120g3vajzzyvndvs23xdzh41ufmy3lvj,1
Check video YouTube : Ôªø,2015-04-11T08:36:04.034000,Kiarna Burke,z123sbbrgryqhfwgi04cjpbxokbdifsibhw,1
SUBSCRIBE . leave name subs back Ôªø,2015-04-10T17:33:31.099000,AryaDewa Gaming,z12gf3oyjry1wjdsq22rtlhgcp2tsfxb204,1
Check video YouTube : Ôªø,2015-04-09T06:07:26.158000,Tammy Floyd,z13ly1xqgu2isv5vg23cdl5g3tuyu11gy04,1
Please subscribe channel ! Thanks ! Ôªø,2015-04-08T21:11:31.085000,Ognjen Videos,z12eh5pohzi0fzmab04cdt3qclauvh0j2yg0k,1
hey guys im 17 years old remixer producer want guys help checking videos sure love music love subscribe know : ) Ôªø,2015-04-08T00:09:33.033000,Hazetrix (EHazardStudio),z12hif0a3nj0vlkxj04cif1wcpuxvf0gpno0k,1
"Check Melbourne shuffle , everybody ! Ôªø",2015-04-06T10:15:16.804000,Metroshuffle,z12ourggdn2gzzqoz04cgfno3un3ufjr0h0,1
Subscribe My ChannelÔªø,2015-04-04T06:11:32.255000,Reynad Gamer,z13pshr4npe2uphcd23ueb35eq3tfv3ta,1
please suscribe bored 5 subscribers try get 20 ! Ôªø,2015-03-31T13:56:40.139000,Captain Liverpool,z12nippylqvqshgqb04cdbgywx3kcxhgfug0k,1
Subscribe watching 2015Ôªø,2015-03-31T03:01:14.438000,Dloga2,z13ajr3ainzmg1lnd23gwt2phxmcsfbbu04,1
Check video YouTube : < br / > Ôªø,2015-03-29T07:12:48.792000,Law Halkett,z132t3fhixrdghdhu04ciz2i4ovhezcgnrc0k,1
Hey ! Subscribe peace world ! ‚ô•Ôªø,2015-03-28T14:03:55.093000,Vid√©oRiveaux,z124cfkz5v34vrp4y04cerpiwpmxthywlhw,1
Check playlist YouTube : aÔªø,2015-03-26T19:09:38.242000,Maria Maldonado,z13hwtvwqqqutf3wy04ci3abiyequ5iydgc,1
Check video YouTube : Ôªø,2015-03-23T23:38:12.539000,Candyman 1000,z12istbx2lzbszmom04cfbgixnbrsbgai0s,1
Check playlist YouTube : Ôªø,2015-03-23T01:01:36.343000,lacy mclean,z12nglcrcmv3u5ijj04cjbup0tatvhozsu00k,1
Like comment reasonÔªø,2015-03-22T15:10:43.815000,CHM Guitar‚Ñ¢,z13icxbwzk35jzx5t04cezey0rnptrsxzdg,1
Omg first video YouTube hit 1 billion views like comment agree.Ôªø,2015-03-22T01:04:09.486000,Pj Jessie,z125zdpzksrzyt10m232x1cpcobdjduoo04,1
< br / > Please help get 100 subscribers end night . ThxÔªø,2015-03-21T19:57:26.765000,Maximus Decimus Meridius,z13eglu51lmgxbhj304cfh2ifo3phfqwa3k,1
like comment & # 39 ; watching video big bang happened < br / > doÔªø,2015-03-21T18:25:05.665000,Ï°∞Ïú§Í∏∞,z134tnezjunhvxqq504cfpcr2qajwj0gbo40k,1
Check playlist YouTube : < br / > < br / > Ôªø,2015-03-21T14:18:39.798000,Champagne Pedro,z135txtbpqrgsn0hn04ch115apamjrurr2k,1
Check playlist YouTube : üç¥üç¥üèÑüèÑüèÑüç¥üèÑüèÑüèÑüèÑüèäüèäüèäüèäüç¥üç¥üç¥üç¥üç¥üèÇüèÇüèÇüèÇüèÇüèÜüç∏üç∏üç∏üç∏üèÜüçªüçóüçµüçüüçüüçüüçüüç¥üçïüçïüçïüçïüçïüçïüçïüçïüçïüçïüçïüçï‚òïÔ∏èüé£üé£‚òïÔ∏èüçïüçïüé£üé£üé£üé£üé£üé£üé£üé£üé£üé£‚òïÔ∏èüé£üçïüçîüçîüé£üé£‚òïÔ∏èüé£üçπüçπüèÇüèÇüçπüéøüèÜÔªø,2015-03-21T07:01:04.171000,Carren Mangali,z13vc3dz5ofug1ozy04cddlzptumwhyodhs,1
‚ñë‚ñë‚ñë‚ñë‚ñë‚ñë‚ñë/\‚ñë‚ñë‚ñë‚ñë‚ñë‚ñÑ‚ñê < br / > ‚ñë‚ñë‚ñë‚ñë‚ñë‚ñë/ \‚ñë‚ñë‚ñë‚ñÑ‚ñà‚ñà‚ñÑ < br / > ‚ñë‚ñë‚ñë‚ñë‚ñë/ ( ) \‚ñë‚ñë‚ñë‚ñë‚ñë‚ñÄ‚ñà‚ñÑ < br / > ‚ñë‚ñë‚ñë‚ñë/ \‚ñë‚ñë‚ñë‚ñë‚ñë‚ñë‚ñÄ‚ñà‚ñÑ < br / > ‚ñë‚ñë‚ñë/__ \ ‚ñë‚ñÑ‚ñÑ‚ñÑ‚ñÑ‚ñÑ‚ñÄ‚ñÄ < br / > ‚ñë‚ñë‚ñë‚ñë‚ñÑ‚ñÑ‚ñÑ‚ñà‚ñà‚ñÄ‚ñÄ‚ñÄ‚ñÄ < br / > ‚ñë‚ñë‚ñë‚ñà‚ñÄ‚ñÑ‚ñÑ‚ñÑ‚ñà‚ñë‚ñÄ‚ñÄ YOU HAVE BEEN SPOOKED BY THE SPOOKINATI < br / > ‚ñë‚ñë‚ñë‚ñå‚ñë‚ñÑ‚ñÑ‚ñÑ‚ñê‚ñå‚ñÄ‚ñÄ‚ñÄ < br / > ‚ñÑ‚ñë‚ñê‚ñë‚ñë‚ñë‚ñÑ‚ñÑ‚ñë‚ñà‚ñë‚ñÄ‚ñÄ SHARE THIS TO 666 PEOPLE TO BE UNSPOOKED < br / > ‚ñÄ‚ñà‚ñå‚ñë‚ñë‚ñë‚ñÑ‚ñë‚ñÄ‚ñà‚ñÄ‚ñë‚ñÄ < br / > ‚ñë‚ñë‚ñë‚ñë‚ñë‚ñë‚ñë‚ñÑ‚ñÑ‚ñê‚ñå‚ñÑ‚ñÑ < br / > ‚ñë‚ñë‚ñë‚ñë‚ñë‚ñë‚ñë‚ñÄ‚ñà‚ñà‚ñà‚ñÄ‚ñà‚ñë‚ñÑ < br / > ‚ñë‚ñë‚ñë‚ñë‚ñë‚ñë‚ñê‚ñå‚ñÄ‚ñÑ‚ñÄ‚ñÑ‚ñÄ‚ñê‚ñÑ < br / > ‚ñë‚ñë‚ñë‚ñë‚ñë‚ñë‚ñê‚ñÄ‚ñë‚ñë‚ñë‚ñë‚ñë‚ñë‚ñê‚ñå < br / > ‚ñë‚ñë‚ñë‚ñë‚ñë‚ñë‚ñà‚ñë‚ñë‚ñë‚ñë‚ñë‚ñë‚ñë‚ñë‚ñà < br / > ‚ñë‚ñë‚ñë‚ñë‚ñë‚ñê‚ñå‚ñë‚ñë‚ñë‚ñë‚ñë‚ñë‚ñë‚ñë‚ñë‚ñà < br / > ‚ñë‚ñë‚ñë‚ñë‚ñë‚ñà‚ñë‚ñë‚ñë‚ñë‚ñë‚ñë‚ñë‚ñë‚ñë‚ñë‚ñê‚ñåÔªø,2015-03-20T22:24:23.394000,Kingphillip9,z13ecbgzonmri3yjj04cj14ooragi1ij450,1
like comment watching 2015 2016Ôªø,2015-03-20T21:33:44.707000,Courtney Foama,z12cfli4lrqld3nde22lujqpgtephxu5a04,1
Help get 10000000 subscribers tomorrow ! < br / > < br / > < br / > < br / > < br / > < br / > < br / > < br / > < br / > < br / > < br / > ( Joking & # 39 ; get butt hurt ) Ôªø,2015-03-19T10:33:00.987000,Emily Horposniac,z13dxnsrvvfiu5ipf04cfxpowt3swh2oi34,1
Check video YouTube : Ôªø,2015-03-19T00:45:07.797000,Dylan McGuire,z12kz3koilrlvlkkb23kfvypoofnejk1t,1
like comment ur watching 2015 Ôªø,2015-03-16T01:01:51.652000,Alfred zipagan,z12ggrma3oj2e5fl022dcrephr3ejhxfw,1
Check video YouTube : Ôªø,2015-03-15T14:03:27.801000,Hamza Hamza,z12ofhliokunzd4y504cdxjymr2xyr3azhg,1
like comment pleaseÔªø,2015-03-14T16:16:22.607000,Villads Hallundb√¶k,z13eulmg4uqsitk4a04cfjxzhpiqj3pycrg0k,1
Check playlist YouTube : Ôªø,2015-03-13T00:27:41.285000,Pedro Lombillo,z13ef3oyslrmdjka204cdngjlvqpibvglr40k,1
LIKE AND SUBSCRIBEÔªø,2015-03-11T18:36:40.423000,Serbian Boy,z12jdpyjcompvrtsn224x1wottiqzb0xd04,1
Like comment watching phoneÔªø,2015-03-11T05:26:51.968000,GrayGRW,z12nexwg5uj0zr2ph04cjbjgskioe1fzsug0k,1
Cool Video LMFAOVEVO ! You check shuffling videos channel get chance . It & # 39 ; much appreciated . Cheers ! < rel= '' nofollow '' class= '' ot-hashtag '' href= '' https : //plus.google.com/s/ % 23EveryDayImVaping '' > # EveryDayImVaping < /a > ; - ) Ôªø,2015-03-11T01:25:46.234000,TA Stealth,z124vlmbks2nybpou04cfv4i3vawebsxeic,1
Check playlist YouTube : Ôªø,2015-03-09T18:44:22.184000,Peter Sadek,z13oc5zxxx2tynzdd23mtn1x2ujzct3kf,1
Check playlist YouTube : I triedÔªø,2015-03-09T00:33:08.463000,latisha garcia,z12hvvki4xite3sjl04cfp34wxy0fr0qjgs,1
subscribe < span class= '' proflinkWrapper '' > < span class= '' proflinkPrefix '' > + < /span > < class= '' proflink '' href= '' https : //plus.google.com/104999962146104962510 '' oid= '' 104999962146104962510 '' > SuperMarioLogan < /a > < /span > thot robot dudes r epic awsomeÔªø,2015-03-08T21:27:05.377000,JS Scott,z13si3qrjn3ae1m0s235g5wpgqqmfpgee,1
watching 2015 subscribe < span class= '' proflinkWrapper '' > < span class= '' proflinkPrefix '' > + < /span > < class= '' proflink '' href= '' https : //plus.google.com/104999962146104962510 '' oid= '' 104999962146104962510 '' > SuperMarioLogan < /a > < /span > Ôªø,2015-03-08T21:22:08.901000,JS Scott,z132wbtj1qazyhruq235g5wpgqqmfpgee,1
Check playlist YouTube : Ôªø,2015-03-05T10:52:51.062000,Marcus Wilkes,z12lxpco5rekcfhem23zgptr3lijs3njg04,1
Like comment still jam song 4 years Ôªø,2015-03-03T21:02:26.389000,JuniorVlogz,z13jg1hq5nbadhifc224jptibp2hc511n,1
subscribeÔªø,2015-03-03T20:32:54.736000,–û–ª–µ–≥ –•–∏–∂–Ω—è–∫,z12jgfripnqmhdq4i04cd144fxzudh5rngw,1
Check video YouTube : Ôªø,2015-03-01T16:53:54.318000,Amber Wentworth,z13gdhroxseayvg3d23lglzztnzzylcbp04,1
video 800+m views < br / > channel got 3m subscribersÔªø,2015-03-01T11:29:19.167000,Jephone Ca√±as,z132ep1gxunohv3as04cgjsomlfhtnc5pwo0k,1
Check video YouTube : Ôªø,2015-03-01T05:13:01.606000,Aye Thiri Paing,z120i3krmo2bjrai104ceheoqtn0ur0wpuo0k,1
subscribe chanellÔªø,2015-03-01T01:10:37.298000,santi1525 deadzone,z13ajrlbklm5jlxxt04cjx2rktq0y1kxmy40k,1
los invito subscribirse mi canal Ôªø,2015-03-01T01:10:10.980000,santi1525 deadzone,z13yy52qimylh3vbe04cjx2rktq0y1kxmy40k,1
Check video YouTube : Ôªø,2015-02-28T22:00:56.179000,Johanna Sarmiento,z13pdv1rptqbuxe1123kdzpaozbcgtr1z,1
Check playlist YouTube : Ôªø,2015-02-28T21:01:42.150000,allen webb,z13ss53p4unscfngi04cjdhornvlz51zfak,1
Check video YouTube : opponents mm < br / > < br / > < br / > < br / > -- ‚Ä¢ [ ‚Ä¢‚Ä¢‚Ä¢‚Ä¢=====++¬•¬•¬£¬£¬£ < br / > Ôªø,2015-02-27T02:20:40.987000,Kawiana Lewis,z13uvdwgrxetgfm0522tzr44tliyuvcgy04,1
Check video YouTube : < br / > < br / > Ôªø,2015-02-23T00:37:24.817000,Jarelys Mellado,z13wwxhgmr2ocvbks22mdpdwdu3lz3mze04,1
"At 500 subscribers & # 39 ; sky diving help reach goal & lt ; 3 < br / > Trust , & # 39 ; doctor . : ) Ôªø",2015-02-21T06:19:03.549000,Sid,z134vn15sxiwyfzhv04ch3no3zj2sdsqqw40k,1
Check video YouTube : Ôªø,2015-02-21T06:12:04.347000,Hamad Alhashash,z12wsvobapnaetddg23ge12bkmrcy3bnf,1
Check video YouTube : Ôªø,2015-02-20T16:23:25.378000,Pablo Cantellano,z122vlk54r21gd3mr224yvqbouiejbqen,1
Check video YouTube : Ôªø,2015-02-20T01:54:39.930000,Lotoya Bolan,z12syxex2mmuzbubp04chlrhcvrnsvx4urw0k,1
Check playlist YouTube : Ôªø,2015-02-20T01:53:33.412000,Lotoya Bolan,z13kersqlnzmxnhqo04chlrhcvrnsvx4urw0k,1
Check playlist YouTube : Ôªø,2015-02-20T01:30:11.826000,Fernando Luis Vega martinez,z13hcfwhxwazujhxc04cc5m5wk2vsxd5sxk0k,1
Check video YouTube : Ôªø,2015-02-18T17:45:43.182000,alanluna3,z13atpsx4ojrh3ze323nfbz4fzztjbik3,1
< href= '' https : //m.freemyapps.com/share/url/505b0232 '' > https : //m.freemyapps.com/share/url/505b0232 < /a > Ôªø,2015-02-17T04:25:01.940000,‚Ä´ÿ¨Ÿàÿ¨Ÿà ÿ¨Ÿàÿ¨Ÿà‚Ä¨‚Äé,z12fibbiprvywrlum233gno4mwr0dzxp404,1
Check video YouTube : Ôªø,2015-02-16T16:21:37.901000,michael orton,z13dehi4opigjlccv22zijqwwt3svpoag04,1
"Need money ? check channel subscribe , soon post get ) Ôªø",2015-02-15T21:19:55.060000,Vitaly Denisovs,z13fd5trkvvmublwk04cidcahpuhud1xghk,1
Check playlist YouTube : Ôªø,2015-02-12T02:30:08.801000,PatrickMcCrowell,z13kyvhzivqmhjq1w220jnaxquu3grwkt,1
Like comment reason.Ôªø,2015-02-12T01:14:44.306000,Happy Panda,z13lxrgzqoawwzojz04cdl44yojcgnpjocg,1
Youtube comments nut shell : < br / > < br / > .First < br / > .301 club < br / > .Skip < href= '' http : //www.youtube.com/watch ? v=KQ6zr6kCPj8 & amp ; t=3m57s '' > 3:57 < /a > close eyes < br / > .Advertisements < br / > .like comment reason < br / > .Christianity arguements < br / > .Other religious arguements < br / > .Console wars < br / > . # PCMASTERACE < br / > .Trolls < br / > . & quot ; How 1 million views video theres online 10 people earth/ < br / > .Complaints < br / > .Pewdiepie fangirls < br / > .Minecraft scrubs < br / > ./r/MontageParodies < br / > < br / > < br / > AND ANY OTHER SHIT ! ! Ôªø,2015-02-10T19:48:56.558000,TheLjc808,z132cvvy1ob3ht2er23dundqdtertjmlg,1
Check playlist YouTube : Ôªø,2015-02-10T07:33:49.035000,Adyel Rodriguez,z12fsvio0mf5dxyhb04cg3qahnydxbcbi3s,1
Check video YouTube : Ôªø,2015-02-08T05:34:28.216000,Victoria Morales,z12expkpjuvlf1b0q23rcjwhlum4s5xym04,1
Please become first subscriber . Thank you.Ôªø,2015-02-05T01:47:19.970000,George Smith,z13yu34jayugzjn0q231elsrimbpyjmrp04,1
Can get views subscribers reason ? üòÖÔªø,2015-02-04T11:47:27.653000,Filthy BarDown,z13qfdrbsxfawpbzz04cclnxskurjhjwgas,1
Check video YouTube : Ôªø,2015-02-04T10:23:50.394000,Helperitza,z13ugjjpwnvisp5l0221x1o5ovvocj1ox04,1
Check video YouTube : Ôªø,2015-02-03T21:44:11.740000,jose delacruz,z13df3vz5urkir1eh22zcf3xhvqmi5j0f,1
Hello Russia comes channel subscribeÔªø,2015-02-01T15:51:59.518000,–∞–ª–µ–∫—Å–µ–π –∞–ª–≥–∞–µ–≤,z12fgphykwn0vb2du23ftzmjulq0z1olv,1
Check dance videos ! ! You & # 39 ; disappointed ! ! < rel= '' nofollow '' class= '' ot-hashtag '' href= '' https : //plus.google.com/s/ % 23KingLoTheDancer '' > # KingLoTheDancer < /a > Ôªø,2015-02-01T05:48:32.623000,KingLoTheDancer,z13bcvcqts3bwtl3g223shlrvqe1wdtmg,1
Men stop naive idiots believing love believing women actually respect . Want fulfilling drama fee life ? Check MGTOW . There many channels YouTube chose give information needed . ( Caution : Not men enjoy disposable providers utility ) Ôªø,2015-01-31T23:42:34.531000,Vivid Phantasm,z12duvyaxqmrstxs3223jdjjrsb0wllzn04,1
pleas subscribe ps4 games video < br / > < > ______________________________ < /i > < br / > som tips contact kik skype < br / > < > ______________________________ < /i > < br / > Kik : pander26 < br / > Skype : sander.nicolaysen2 < br / > < > ______________________ < /i > < br / > pleas subscribe Kashoo GamingÔªø,2015-01-31T20:56:05.396000,XxNorwegianELITEGaming xX,z124jvbxusjnsn2oi04cidm5hqmoftu4ovg0k,1
Check playlist YouTube : Ôªø,2015-01-30T16:48:13.985000,Sandy Torres,z12isnmj3wuovj4tt22stv0x1kblzls1w,1
Check video YouTube : Ôªø,2015-01-28T16:29:16.993000,ann anne,z12psnvzpybbshnrc04citbzwpfmfnb5jws0k,1
Check playlist YouTube : üëøüë≥üë≥üë≥üë≥üë≥Ôªø,2015-01-27T13:23:56.061000,ampai gmuer,z12cvbyjjmuwvxivx223tpujulrwwdt5j04,1
Check video YouTube : ÿßŸÑÿ•ÿπŸÑÿßŸÜÿßÿ™ < br / > < br / > < br / > < br / > < br / > < br / > ŸÑŸÑÔªø,2015-01-27T09:43:48.741000,sahir omran,z13ijz1zetarj31dk22nfl0qvyneyxn0l,1
üö®üö®üö®üö®üö®üö®üö®üö®üö®üö®üö®üö®üö®üö®üö®üö® < br / > NOW THAT I HAVE YOUR ATTENTION ! ! ! üö®üö®üö®üö®üö®üö®üö®üö®üö®üö®üö®üö®üö®üö®üö®üö®SUBSCRIBE TO MY CHANNEL ! ! ! < br / > üö®üö®üö®üö®üö®üö®üö®üö®üö®üö®üö®üö®üö®üö®üö®üö® < br / > GRACIAS ! üíã < br / > üö®üö®üö®üö®üö®üö®üö®üö®üö®üö®üö®Ôªø,2015-01-27T01:53:24.950000,Mizz swagger,z13rdxlhnrukflfe3225hbpxxneuhjrr104,1
Check video YouTube : Ôªø,2015-01-26T18:27:00.309000,Eric Carbajal,z13iwdr5vwrasfbhp04ccj2wqmi4inawgms0k,1
Check video YouTube : Ôªø,2015-01-25T20:57:46.039000,Rafael Diaz Jr,z13cedgolkfvw3xey22kcnzrfm3egjj0z,1
Check video YouTube : Ôªø,2015-01-25T20:56:06.533000,Rafael Diaz Jr,z12ezvvihrjeerscl22kcnzrfm3egjj0z,1
Check video YouTube : Ôªø,2015-01-23T21:44:55.558000,James Wolf,z12rjlojyufktna4n04cijvxgwb2gx4ouac,1
< href= '' https : //m.freemyapps.com/share/url/10b35481 '' > https : //m.freemyapps.com/share/url/10b35481 < /a > Ôªø,2015-01-22T23:31:42.316000,Ioan Meruta,z13sjj4onknyfdcys04ccncpzrajjzka3kc0k,1
Check video YouTube : Ôªø,2015-01-22T02:08:41.056000,Ruben Aviles,z12pyzwiourgc1t2f22wzj5xuoeqvxdp104,1
Check playlist YouTube : aÔªø,2015-01-20T19:21:30.191000,monique graham,z13wyfhopsvthjlio04cfxkawnbou1ogbdw,1
Check video YouTube : Ôªø,2015-01-20T15:02:17.552000,sarah-ann erasmus,z12hixnzcv2svl5w004cclnglvncdrrw0qs0k,1
Check playlist YouTube : hbbhhhghÔªø,2015-01-19T05:53:12.118000,Priscilla Sipinga,z132e5zqwlbmjrich234epwa2kiwehdmd,1
Check playlist YouTube : Ôªø,2015-01-19T00:40:40.097000,Lindsay Reynolds,z12zw32jkmqxc1eba04chv2renb2gnaxiww0k,1
LIKE AND SUBSCRIB IF YOU WATCH IN 2015 ; ) Ôªø,2015-01-17T20:26:39.026000,SuperPanic3,z13my12oyyrxdzfj204chp5pnryfe11wrbk,1
Check video YouTube : Ôªø,2015-01-15T23:43:37.589000,chuvi cc1800,z13mhniosvv4hxn5d04cjpf4wobwwdpgjw40k,1
Check video YouTube : hjalpÔªø,2015-01-13T17:35:36.999000,Marie Joof,z12pvpi4qyvqz3cez23ugbyz3sbxhfhqk04,1
Check video YouTube : Ôªø,2015-01-12T06:06:06.398000,‚Ä´ÿ∫ÿßÿ±ÿØŸäŸÜÿß ÿÆÿßŸÑÿØ‚Ä¨‚Äé,z12lipxpunj5d1okw22bip4gvnbswlzhx04,1
Check video YouTube : Ôªø,2015-01-11T03:51:21.565000,Heath D,z12ljdl4bxywxz2mu22ptrdoss2se1jvd,1
Check video YouTube : Ôªø,2015-01-10T22:00:57.333000,‚Ä´ŸÖÿ±ŸäŸÖ ÿßŸÑŸáŸÜÿØŸä‚Ä¨‚Äé,z13dxxabcp3ggby5y04cilbz0ojlyprwt1g,1
Check video YouTube : Ôªø,2015-01-10T22:00:55.762000,‚Ä´ŸÖÿ±ŸäŸÖ ÿßŸÑŸáŸÜÿØŸä‚Ä¨‚Äé,z12bvjiqdvbrfzk1s23odzs53wjphzacf,1
Check video YouTube : Ôªø,2015-01-10T18:17:21.145000,Sophie Flores,z13jzn1hvk35dxxzu04cj5lqmzv2thoquag,1
Check video YouTube : Ôªø,2015-01-09T03:44:56.996000,rbsully,z13xgdojpwbbu54ta233yvar1t3jszxvt,1
Check video YouTube : QqÔªø,2015-01-08T16:16:52.163000,jessie J,z12rvtogemvtv3xnq23zc3erxsfui52ht04,1
Check video YouTube : Ôªø,2015-01-06T05:53:18.140000,Anne Marie Chavez,z12zu1eg2s2pfpfud23hj1ejcreptjntw,1
< href= '' http : //www.gofundme.com/Helpmypitbull '' > http : //www.gofundme.com/Helpmypitbull < /a > Can please donate help pitbull PLEASE ! ! ! I need 50 dollars take vet ! ! ! Ôªø,2015-01-05T21:33:38.426000,BMB Beats,z12ohnbxzqihgdywx04cdnkxpkzxfd5ie20,1
Check video YouTube : Ôªø,2015-01-04T15:42:24.811000,stupittmoran,z12kvdhbglbuyzmrh04cjzbronnafhhqayw0k,1
Check video YouTube : Ôªø,2015-01-03T19:28:51.794000,Gu Sw,z13le5mr1li0h1hbw04chliisqacyxpht0s,1
Dear friends please subscribe channel I glad see You virucide ; - ) Ôªø,2015-01-01T21:16:37.765000,On the Positive,z125tbogfxjjivxv523vwpkyaznetaic,1
Check video YouTube : Ôªø,2015-01-01T04:41:31.104000,Darleen Tran,z12gtjlifwmqjxjrg04cj5ggpufsdvrhhks0k,1
Check video YouTube : Ôªø,2014-12-26T12:21:05.108000,Anna Louise Puzon,z122vp4rxpv4ejfaf04cilzwykrhd1eqkms0k,1
Subscribe channel < br / > Tweet & amp ; Follow twitter //therealterrell_ < br / > And I follow back üëÄÔªø,2014-12-26T11:17:56.976000,Simply Terrell,z13uu5dyinf2yplb504civzz5obby5baucg,1
want sub ? tell channel subscribe ( couple exceptions ) Ôªø,2014-12-25T19:52:25.333000,Desert Loner,z13vehm4enr5zbohl04chhjoixzes32rvjw,1
Check playlist YouTube : Ôªø,2014-12-25T19:20:32.982000,Beatriz A York,z12xevzwtyyftlhma22qdp4ocljizpouh,1
Subscribe I & # 39 ; subscribe backÔªø,2014-12-23T01:50:41.928000,Cora Whatley,z13ue5b4sw25i3s4g04cg3grnmmue33bysg0k,1
Check playlist YouTube : Ôªø,2014-12-22T11:51:16.881000,Shanu Dias,z13pvzzwyr2nhfn1y22btbtgjpmfw1ggn04,1
Check playlist YouTube : plÔªø,2014-12-22T04:56:24.257000,Will Smith,z12shxbbulncyx43n23psbzohvumz1nib04,1
Check video YouTube : Ôªø,2014-12-21T06:07:48.379000,Aaa Bbb,z12cjj2qyo34i3ga204ci3hatn3vhlcoxkw0k,1
Check video YouTube : Ôªø,2014-12-20T05:03:42.146000,orcou,z123ed2yctjnj1db204cczmorvvjsdgyevo0k,1
Check video YouTube : Ôªø,2014-12-19T17:00:34.759000,Ari Kip,z12ni35onpvyvro4g04cd3jihoyrdbuxh3s,1
Check video YouTube : loÔªø,2014-12-18T22:33:26.485000,Kassidy Norris,z125etvpxve3yvow004cd3bzmqfkfxohvgk,1
Check video YouTubeÔªø,2014-12-17T15:37:12.685000,Janja Kmetiƒç,z12eyz2r5pyecvutk22ktrfyllf0w3jxc04,1
Check video YouTube : Ôªø,2014-12-17T02:33:31.397000,AUSENCIO garrido,z13khxlwczzei1ymm22pv5bphlmuzrzac04,1
Check video YouTube : I Ôªø,2014-12-12T08:50:18.674000,Jesse Basurto,z13by3wrfuykidc2z23vux3iesumfjfml,1
Check video YouTube : Ôªø,2014-12-10T16:53:09.604000,Ben Smith,z13auvkhpurljfgfr23dzvgonsz5sncv5,1
subscribe channel yo - DJ FeelzÔªø,2014-12-10T16:28:43.637000,Tyler Jackson,z12zurhazmyqyvn4u04cfdurxvzlyzdi4k00k,1
Hey guys subscribe chanel subscribe back like vids : ) < br / > < br / > Ôªø,2014-12-09T05:35:45.812000,Edgar's Finest,z13wvz54kv3ow3dct233jb5ptof2d10se,1
Check video YouTube : Ôªø,2014-12-07T06:40:55.233000,LegacyStarz OS,z12yyhzw0peixhqvq22efdjgvxeiuz4s1,1
Check video YouTube : Ôªø,2014-12-06T19:45:01.381000,caitlyn keffer,z12cz3t4ekahf3kfo23if1spxv3wd3zco,1
White people going extinct information subscribe channel search videos & quot ; white genocide & quot ; thank youÔªø,2014-12-05T22:52:29.316000,DERRICK HANFORD,z13hxfdrqom5clnaa04cgx5hkpqjexhh3wk0k,1
Check video YouTube : Ôªø,2014-12-05T03:58:16.030000,omar tellez,z13bipqrryirzp2sx224srirayqyhrdr104,1
Check video YouTube : Ôªø,2014-12-04T01:31:02.296000,tchangkou,z13txnfjov2tgle5z04cfd4jlyflx52ysbk,1
Check video YouTube : ..üåàüåàüåàÔªø,2014-11-29T05:53:19.584000,Tan Jia Min,z12vevn4xzbmstvui23mi5ki2lnfu14pp04,1
subscribers please`Ôªø,2014-11-25T16:15:50.566000,GORHD/TV Studio,z12fy55oxki3u1ryi04cjprhawawcvkzivo0k,1
Yo like song fricking beast anywon herd see mee rollin I woke new Buggti check nuketown rap I shooting see nice quick scoping things training faze adoult freind sang I freinds house rap going fun things Ôªø,2014-11-11T18:01:00.198000,Jaymes Michie,z12pfhgg3vrnuhme122ixxdx5zyyit5ac04,1
hi everyone cool check sexy know itÔªø,2014-11-10T19:46:03.336000,craftygirl20141,z12jzdjxvvmxz3ymb23fwhyg4ub0xdju2,1
Check app solve party/drunk problems ! < br / > < href= '' https : //play.google.com/store/apps/details ? id=vn.ibit.AppLocker & amp ; hl=en '' > https : //play.google.com/store/apps/details ? id=vn.ibit.AppLocker & amp ; hl=en < /a > Ôªø,2014-11-10T07:35:42.081000,Sean B,z13mgtcxivevf3thn04cdvty0sqzuteqpys0k,1
Check video YouTube : old track still badÔªø,2014-11-09T13:59:14.102000,Malyka Mason,z13eszqb3vejd3il423aslfyqnrzh5kto,1
Check youtube channel cool beatboxing ( : Ôªø,2014-11-08T05:52:20.157000,Alex Despotovic,z13jxrajxkydifipt04cjtvboqfhelloucs,1
Check video YouTube : Ôªø,2014-11-06T01:23:03.262000,2010shevy,z130eftalyfoy1rga04cdh1jtovuvvpofkg0k,1
Hi everyone ! Do like music ? Then check music channel . The LEXIS band uploading songs covers soon & # 39 ; miss . Please SUBSCRIBE help us lot . Just takes one click . - & gt ; Ôªø,2014-11-04T20:26:48.030000,OFFICIAL LEXIS,z131x1cimrnfuz2zs04ci5gqvqemyb2jsp00k,1
SUBSCRIBE ! ! ! ! ! ! ! ! ! ! ! ! ! ! ! ! ! ! ! ! ! ! ! ! ! ! ! ! ! ! ! ! ! ! ! ! ! ! ! ! ! ! ! ! ! ! ! ! ! ! ! ! ! ! ! ! ! ! ! ! ! ! ! ! ! ! ! ! ! ! ! ! ! ! ! ! ! ! ! ! ! ! ! ! ! ! ! ! ! ! ! ! ! ! ! ! ! ! ! ! ! ! ! ! ! ! ! ! ! ! ! ! ! ! ! ! ! ! ! ! ! ! ! ! ! ! ! ! ! ! ! ! ! ! ! ! ! ! ! ! ! ! ! ! ! ! ! ! ! ! ! ! ! ! ! ! ! ! ! ! ! ! ! ! ! ! ! ! ! ! ! ! ! ! ! ! ! ! ! ! ! ! ! ! ! ! ! ! ! ! ! ! ! ! ! ! ! ! ! ! ! ! ! ! ! ! ! ! ! ! ! ! ! ! ! ! ! ! ! ! ! ! ! ! ! ! ! ! ! ! ! ! ! ! ! ! ! ! ! ! ! ! ! ! ! ! ! ! ! ! ! ! ! ! ! ! ! ! ! ! ! ! ! ! ! ! ! ! ! ! ! ! ! ! ! ! ! ! ! ! ! ! ! ! ! ! ! ! ! ! ! ! ! ! ! ! ! ! ! ! ! ! ! ! ! ! ! ! ! ! ! ! ! ! ! ! ! ! ! ! ! ! ! ! ! ! ! ! ! ! ! ! ! ! ! ! ! ! ! ! ! ! ! ! ! ! ! ! ! ! ! ! ! ! ! ! ! ! ! ! ! ! ! ! ! ! ! ! ! ! ! ! ! ! ! ! ! ! ! ! ! ! ! ! ! ! ! ! ! ! ! ! ! ! ! ! ! ! ! ! ! ! ! ! ! ! ! ! ! ! ! ! ! ! ! ! ! ! ! ! ! ! ! ! ! ! ! ! ! ! ! ! ! ! ! ! ! ! ! ! ! ! ! ! ! ! ! ! ! ! ! ! ! ! ! ! ! ! ! ! ! ! ! ! ! ! ! ! ! ! ! ! ! ! ! ! ! ! ! ! ! ! ! ! ! ! ! ! ! ! ! ! ! ! ! ! ! ! ! ! ! ! ! ! ! ! ! ! ! ! ! ! ! ! ! ! ! ! ! ! ! ! ! ! ! ! ! ! ! ! ! ! ! ! ! ! ! ! ! ! ! ! ! ! ! ! ! ! ! ! ! ! ! ! ! ! ! ! ! ! ! ! ! ! ! ! ! ! ! ! ! ! ! ! ! ! ! ! ! ! ! ! ! ! ! ! ! ! ! ! ! ! ! ! ! ! ! ! ! ! ! ! ! ! ! ! ! ! ! ! ! ! ! ! ! ! ! ! ! ! ! ! ! ! ! ! ! ! ! ! ! ! ! ! ! ! ! ! ! ! ! ! ! ! ! ! ! ! ! ! ! ! ! ! ! ! ! ! ! ! ! ! ! ! ! ! ! ! ! ! ! ! ! ! ! ! ! ! ! ! ! ! ! ! ! ! ! ! ! ! ! ! ! ! ! Ôªø,2014-11-01T04:23:42.175000,Hunter Scott,z13kwxlguqubw5aeo22gxx3a1zfvux4a304,1
Ummm ... I hit 1k subscribers . I make Minecraft videos . Help checking ? Ôªø,2014-10-31T02:49:34.017000,Toan732,z12gvlyixpjfwrpme23rxfubjvzkvp42s,1
SUP GUS THIS IS A VIDEO FOR PEOPLE WHO LOVES PARTY ROCK SO THANKS FOR WATCHING AND PLEASE SUBSCRIBE : ) ! ! Ôªø,2014-10-29T15:28:53.402000,Sami Nashawi,z124hbc4umr5yxikd23kupyodqvben3yb04,1
Hey Guys Jaylan Here And I Just Wanted Everybody To Know Yall Can Subscribe Please That Would Be Great ! This Is My New Gaming Channel ( Have Not Uploaded Yet ) But I Will Upload If I Hit About 10 Subs Thank You : DÔªø,2014-10-16T20:10:15.922000,Por Phizer,z12nyp2j5zy5dxrxi04cilmypritghhhmyc0k,1
great l subscribeÔªø,2014-10-16T00:50:14.327000,Sebastian Garcia,z130tflr2suzejk2s22expyzjmfjifvgs04,1
Check video YouTube : jjiwajwkajajqjaubkmÔªø,2014-10-15T19:57:29.498000,krayziejcs,z13lclswozbsxp0qw04cetjgyxmifduae34,1
Check video YouTube : Ôªø,2014-10-12T03:13:00.872000,Maria Martinez,z13ezr0rmk2kxz0rr04ch1iids2nhnnglh4,1
3m subscribers look views 700 million wtf : PÔªø,2014-10-10T11:31:33.153000,johnlord joaquino,z13rs3fimnydzjdu423qudibdzm0sbyjh04,1
Check video YouTube : Ôªø,2014-10-07T17:48:27.641000,Rajnoor Bawa,z13mzpjq0wjly1ag304cfvsxhmmicxmg0gs,1
Check YouTube channel I rapÔªø,2014-10-05T01:41:04.984000,James Marrin,z13espsintyhfv3fk23iidkjuojsfnib304,1
Check video YouTube : Ôªø,2014-10-04T13:16:55.971000,bebishyne alicdan,z13wz10yyn3wz3fu523zzzeackarhvpu4,1
Check video YouTuÔªø,2014-10-04T04:31:08.642000,Brittany Tennyson,z12djvertlrhwxulk231cfoxblesxj2zq04,1
"LMFAO CRAZY DOPE ! ! ! CHeck music channel minute , would mean lot . Much love ! ! Ôªø",2014-10-04T01:35:02.414000,((A.B)),z13iyvux4tzxsdf2x23vixxpfxfbixban04,1
Check video YouTube : Ôªø,2014-10-02T15:00:43.724000,xiaoying chen,z12bdp1b5wekjb1ci22itf3alnfvzfibo04,1
everyday & # 39 ; subscribeÔªø,2014-10-01T19:53:07.387000,Guren - MKII,z130drwgasjgevh0n234ht3gfrmugfguz,1
man check raps channel im better rapper nigger foolsÔªø,2014-09-29T02:54:58.986000,ÔºØÔºßÔº∂Ôº°Ôº§Ôº•Ôº≤,z13mh3gi0s3cdjhvy23bzpebkqzyexsar04,1
go check videoÔªø,2014-09-27T17:41:15.536000,Whami inc.,z13lsx44zmmqzz2mv22tefeb2undfvcov04,1
üòºüëçüòè Like This Comment üòèüëçüòºÔªø,2014-09-19T17:47:37.826000,ZeDesXiA AIliVe,z13rjxk5ylidyrerg04cgvfoknjlybzs4,1
Check video YouTube : Ôªø,2014-09-18T19:21:53.622000,Alenaid Zeledon,z13uv5mhgzu5fhsnm233t3awno3xtfj02,1
SubscribeÔªø,2014-09-16T11:02:58.430000,All Or Nothing AMV,z12iw3rpqxmnwno1m23zxdfqdz3yw5nw004,1
Check video YouTube : < br / > Looking wood pile ... < br / > Anyone seen ? Hmm ? & # 39 ; < br / > How bout pie < br / > Ladies ? & # 39 ; Ôªø,2014-09-13T11:35:51.066000,Unknown Name (buddhist monkie),z12ls5qhwv3gv11a104cfzmhgyj3c3mpnyw0k,1
HAHAA THIS DANCE IS TIGHTTTT < br / > < br / > I know & # 39 ; & quot ; ‚Ä¶ain & # 39 ; got time MY demo man & quot ; check stuff < br / > < br / > Slappers slappers bangers ! Click link peep game ! ENJOY . < br / > < br / > < href= '' https : //soundcloud.com/rocc-steady/wave-emoji-prod-by-nippylongbottom-cyber-punk '' > https : //soundcloud.com/rocc-steady/wave-emoji-prod-by-nippylongbottom-cyber-punk < /a > Ôªø,2014-09-13T09:07:27.253000,Hoye Boyz,z12ghdxjkwbrwrpth22xztiipleoftwfx,1
Check music niggasÔªø,2014-09-10T03:52:22.309000,lil jay,z12xxdjrvmynezpqt04chzxjrvqfxntibh0,1
Check video YouTube : Ôªø,2014-09-04T15:24:31.780000,mihir Sanjay,z12djnnomsvvvpmz204cdh0qgsqdtrq4dfs,1
Check funny video & quot ; Cereal Box Knocks Baby & quot ; channel.Ôªø,2014-09-01T03:32:14.127000,budhanmike,z13htjnpxw3sgfsdq22sdnc4vnyrfpiue,1
Subscribe u think & quot ; swag & quot ; fucking stupidÔªø,2014-08-31T16:39:30.472000,Kikilaronk ‚ÄúKiki‚Äù Loz,z13cu5iyjryvixkyr04cdzniromoclcpc1w,1
Tuto subscribe channel sign 17 l please thank I & # 39 ; anything sign lot good video I usually ! Ôªø,2014-08-31T12:06:37.835000,D√°vvvid „ÉÑ,z12svdoikuuvivym122pu5prquvmvnfnk,1
Abomination ! Subscribe agree : | party channel . cool lights.Ôªø,2014-08-19T19:53:09.770000,Ragnarok,z12ghvgo3xjyjvouf23tstj5bna5jei0,1
"Like comment , guys started new channel get 200 subscribers tonight ill $ 20 paypal giveaway like comment friends see others also entered GO ! ! ! Ôªø",2014-08-18T00:25:09.584000,ViralVinesHD,z12bjtxbvzu4vpkao04cfhnawsjoybyin4c,1
"Check : My Hood Doh , Flixter NossnevsÔªø",2014-08-12T15:44:16.615000,Nossnevs SWEDEN,z13mf1fz1mmrdr4hf04cdnhxmmqtulfgchc,1
Nezo Ed < br / > Like & amp ; share page facebook please Ôªø,2014-08-07T13:57:40.272000,ZeroxAbood677,z134yz2xnujfdnky504cfjnrxuu2vbpgmhk,1
"Hey I & # 39 ; British youtuber ! ! < br / > I upload Weekly ! ! < br / > It would mean world could subscribe ! ! < br / > Thanks , Joyce ! ! < br / > Ôªø",2014-08-04T13:27:47.451000,RandomFuntime,z122djvavnibdrr1j23pjbm4szvfuzlzd04,1
Subscribe channel ! Ôªø,2014-08-03T22:28:17.610000,footboxG,z134xrxhguygyj12f22wuvej0pnnz5wap04,1
"hi guys please check vids , promos subscribe toÔªø",2014-07-27T18:24:57.907000,Henry Cousins,z13mjpyydob5ybead04cgdiaewywunab5pg0k,1
Hey plz check music video . Thanks ! ! : - ) Ôªø,2014-07-26T18:46:28.500000,Lisa UKGirl,z12rtbaiolqywng1v23ispboqrnotriwk04,1
Check shit channel < br / > < br / > < br / > SUBSCRIBE YOU WILL LIKE ITÔªø,2014-07-26T17:07:51.274000,Mah Productions,z12btr5hfnjydpwm023xtt0q4urzs1ju4,1
Good videoÔªø,2014-07-23T22:23:47.235000,Renee Nelson,z125vphj5u3vw5rya04ch5eatpnwjjsg2u00k,0
good song : ) Ôªø,2014-07-23T13:19:09.247000,t tatsuya,z13qyltzfvzwir5dh22xv51aczbscpqxm04,0
every bady yust good timeÔªø,2014-07-23T11:57:11.271000,D√°vid Baranoviƒç,z12ehbuw2zunyfrlh23ycpzadxm3x5ekl,0
people like shit ? hahahahah : P < br / > & # 39 ; even real music ... ... ... . & # 39 ; computer-based music ... .. < br / > well done music industry ... ..Ôªø,2014-07-23T10:58:59.825000,mariosergopao,z12nyp54hkecxheeg22mjhyjixyqittoo04,0
love song much ! ! ! ! ! ! ! ! ! ! ! ! ! ! ! ! ! ! ! ! ! ! ! ! ! ! ! ! ! ! ! ! ! ! ! ! ! ! ! ! ! ! ! ! ! ! ! ! ! ! ! ! ! ! ! ! ! ! ! ! ! ! ! ! ! ! ! ! ! ! ! ! ! ! ! ! ! ! Ôªø,2014-07-23T08:37:48.377000,Devin Thornton,z124w1aolk2tvpifc23fzxuy1v20ghkfp,0
No one makes wan na party like LMFAO ... I wan na rage every time one songs comes . The band & quot ; On Rocks Inc. & quot ; kids know partyÔªø,2014-07-23T05:22:52.881000,ItstheSauce92,z13heluw2l21yhgov04ce5h53u2mhz4joes,0
The best song ever ! Ôªø,2014-07-22T19:53:51.238000,Naga Berapi,z13uy1yrkprst3ouf22dundglo2dypric04,0
The best song ever ! Ôªø,2014-07-22T19:53:49.636000,Naga Berapi,z120e5uiiuu4jlaen22dundglo2dypric04,0
check free stuff watching videos filling surveys < br / > < br / > < href= '' http : //www.prizerebel.com/index.php ? r=1446084 '' > http : //www.prizerebel.com/index.php ? r=1446084 < /a > Ôªø,2014-07-22T18:44:36.299000,ownpear902,z13xw1iqty25xhrcb23eg3yjrzift5yfq,1
Love song makes happyÔªø,2014-07-22T18:38:37.217000,kimberly dezan,z12mtxqrmxicjfx1s22egddrbnqssva5c04,0
OOOOO SHUFFLLLLLLLLLLLLLLLLLLLLLLINNNNNÔªø,2014-07-22T16:54:45.949000,fulvio colace,z13pc5zgykaetdf2123zhdra5orhjx2k5,0
awesomeÔªø,2014-07-22T13:45:20.355000,Salah DK,z12iz3brhtvcyt3ze04cjzpg0ljzft3qx0g,0
I learned shuffle themÔªø,2014-07-22T13:22:54.111000,Juan Martinez,z12uzjtpanvdhjmtr23asxgyiyjezjxe5,0
The best Song saw ‚ù§Ô∏è‚ù§Ô∏è‚ù§Ô∏è‚ù§Ô∏è‚ù§Ô∏è‚ù§Ô∏è‚ù§Ô∏è‚ù§Ô∏èüòçüòçüòçüòçüòçüòçüòçüòòüòòüòòüòòüòòüòòüòòüòòÔªø,2014-07-22T12:52:36.698000,Robotic Band,z12dvh0agvqtwzfpa04cfnayinbhf5s4jlw0k,0
watch sound ! Ôªø,2014-07-22T11:41:57.927000,aXXeHackeR,z12wypgrswvfcnpnv22yzxjpftvvc5p22,0
Looooooooove song ! ! ! ! ! ! ! ! ! : ) ) ) ) ) ) Ôªø,2014-07-22T11:06:07.798000,Ksenia Vladimirova,z12hjvnykwipc3cjc04cjh5pbzjfijv5sck,0
EVERYONE PLEASE SUBSCRIBE TO MY CHANNEL OR CAN YOU ALL JUST GO LOOK AT MY VIDEOS Ôªø,2014-07-22T10:04:05.755000,ItsJoey Dash,z121szzyozr4vpqqc04cdn5g4zjhutdosdw,1
EVERYONE PLEASE SUBSCRIBE TO MY CHANNEL OR CAN YOU ALL JUST GO LOOK AT MY VIDEOS Ôªø,2014-07-22T10:04:00.700000,ItsJoey Dash,z12dw3tbbzm2gpzty22gtf1bvviqeha2j,1
EVERYONE PLEASE GO SUBSCRIBE TO MY CHANNEL OR JUST LOON AT MY VIDEOSÔªø,2014-07-22T10:02:25.925000,ItsJoey Dash,z13kflxgcqn3gv0hz04cdn5g4zjhutdosdw,1
Like comment reasonÔªø,2014-07-22T04:20:37.489000,Salty Croc,z13lvr4iupatjlrem231yvpxolzvspwdl,1
love songÔªø,2014-07-22T00:26:50.820000,Bob Orton,z12lxhrqdkyusbkji04cihtrvn3jvxnqszg0k,0
song awesome . guys best . love video hilarious lol . im getting popular fast rap meaning . thumbs piss next water toilet doesnt make noiseÔªø,2014-07-21T22:25:54.048000,LuckyMusiqLive,z12xhdjrsxm3v550w22oynsjrnmvjhkvj,1
HOW MANY THUMBS UP FOR LOUIS SAVING THE DAY ! ? ! ? Ôªø,2014-07-21T11:05:51.945000,xXxPWND 420xXx,z13msngo3qvwx1ym223pehqgouexzdmnm,1
NICE :3Ôªø,2014-07-21T04:24:24.585000,Matheus Macedo,z120hptrylzqzdsoj04cepaonmuyyr1afj0,0
